repo_name,repo_description,file,api_title,api_description
public,"This is a repository of BIAN artefacts, currently the BIAN Semantic APIs",MergersandAcquisitionsAdvisory.yaml,Mergers and Acquisitions Advisory,"This Service Domain handles mergers and acquisition, IPO, MBO and LBO projects with the bank acting in the lead and/or subordinate role"
public,"This is a repository of BIAN artefacts, currently the BIAN Semantic APIs",LeadandOpportunityManagement.yaml,Lead and Opportunity Management,"This service domain captures, classifies and track sales lead/opportunities with established clients for additional products or services. It handles the processing of the opportunity through to the point of formal offer processing."
public,"This is a repository of BIAN artefacts, currently the BIAN Semantic APIs",PaymentInstruction.yaml,Payment Instruction,This Service Domain processes the pre-checks needed to confirm the necessary arrangements are in place and assemble and rout payment related requests received from third party payment services.
public,"This is a repository of BIAN artefacts, currently the BIAN Semantic APIs",CreditCard.yaml,Credit Card,This service domain orchestrates the scheduled maintenance and transactional activities associated with credit card product fulfillment
public,"This is a repository of BIAN artefacts, currently the BIAN Semantic APIs",InternalAudit.yaml,Internal Audit,Maintain and portfolio of internal audit checks. Select and execute a meaningful sample of checks and identify and resolve non-compliance
public,"This is a repository of BIAN artefacts, currently the BIAN Semantic APIs",FraudModel.yaml,Fraud Model,"This service domain handles the design and maintenance of a portfolio of fraud models used across all production activity to detect potential fraud on the part of customers, merchants and other involved parties"
public,"This is a repository of BIAN artefacts, currently the BIAN Semantic APIs",UnitTrustAdministration.yaml,Unit Trust Administration,This Service Domain handles the implementation and fulfillment of unit investment trusts
public,"This is a repository of BIAN artefacts, currently the BIAN Semantic APIs",CorrespondentBankDirectory.yaml,Correspondent Bank Directory,This service domain maintains correspondent bank reference details. This includes correspondent bank payment parameters in particular bank limits and capturing transaction activity to track reciprocity
public,"This is a repository of BIAN artefacts, currently the BIAN Semantic APIs",eTradingWorkbench.yaml,eTrading Workbench,This Service Domain supports consumer securities trading of their investment portfolio through the bank
public,"This is a repository of BIAN artefacts, currently the BIAN Semantic APIs",ServiceDirectory.yaml,Service Directory,This Service Domain presents a structured set of services that the customer can select from 
public,"This is a repository of BIAN artefacts, currently the BIAN Semantic APIs",PartyLifecycleManagement.yaml,Party Lifecycle Management,This service domain tracks the state of a party relationship with the bank from the initial checks made during the establishment of a new party connection and subsequently maintained as necessary over the duration of the relationship. The checks and the maintenance requirements will vary by party type and jurisdiction. The checks cover bank specific and legal and regulatory considerations and may be updated based on a standard schedule or by request in specific circumstances.
public,"This is a repository of BIAN artefacts, currently the BIAN Semantic APIs",ProductExpertSalesSupport.yaml,Product Expert Sales Support,Administer the availability and allocation of product specialists to support sales activity
public,"This is a repository of BIAN artefacts, currently the BIAN Semantic APIs",AdvancedVoiceServicesOperations.yaml,Advanced Voice Services Operations,"This service domain operates the telephone channel infrastructure, including the IVR and any other automated devices as appropriate. This includes handling default routing rules and intra-day/session adjustments to deal with peak load or other operational variations"
public,"This is a repository of BIAN artefacts, currently the BIAN Semantic APIs",InvestmentPortfolioAnalysis.yaml,Investment Portfolio Analysis,"Assess and report on investment portfolio make-up, valuation and performance"
public,"This is a repository of BIAN artefacts, currently the BIAN Semantic APIs",ContractorandSupplierAgreement.yaml,Contractor and Supplier Agreement,This Service Domain maintains appropriate supplier agreements/contracts
public,"This is a repository of BIAN artefacts, currently the BIAN Semantic APIs",EnterpriseArchitecture.yaml,Enterprise Architecture,Define and maintain comprehensive business architectural definitions/blueprints to help organize/direct the business
public,"This is a repository of BIAN artefacts, currently the BIAN Semantic APIs",CaseRootCauseAnalysis.yaml,Case Root Cause Analysis,Root cause analysis business function reviews case reports to identify possible improvements to eliminate/mitigate servicing issues
public,"This is a repository of BIAN artefacts, currently the BIAN Semantic APIs",SyndicateManagement.yaml,Syndicate Management,This Service Domain manages syndicate membership and compliance
public,"This is a repository of BIAN artefacts, currently the BIAN Semantic APIs",ITStandardsAndGuidelines.yaml,IT Standards And Guidelines,"Define and apply comprehensive IT architectures, policies and standards as appropriate. Also define the IT usage guidelines and procedures governing systems use across the enterprise"
public,"This is a repository of BIAN artefacts, currently the BIAN Semantic APIs",CardClearing.yaml,Card Clearing,"This service domain orchestrates the capture and consolidation of card financial transactions originating from various sources, such as POS Network, E-Commerce Gateway, ATM Network, or Card Case Management. It also handles the clearing of the transactions from the Acquirers to the Issuers through the Card Networks"
public,"This is a repository of BIAN artefacts, currently the BIAN Semantic APIs",CardAuthorization.yaml,Card Authorization,This service domain is responsible for the real time card authorization decisions for credit/charge cards.
public,"This is a repository of BIAN artefacts, currently the BIAN Semantic APIs",PositionKeeping.yaml,Position Keeping,This service domain maintains a financial transaction log to support production. Reconciled financial transactions are subsequently posted to the accounting systems
public,"This is a repository of BIAN artefacts, currently the BIAN Semantic APIs",MerchantRelations.yaml,Merchant Relations,This service domain maintains the terms and conditions agreed with merchants for cards related activity
public,"This is a repository of BIAN artefacts, currently the BIAN Semantic APIs",OrderAllocation.yaml,Order Allocation,This Service Domain allocates partially fulfilled market trades
public,"This is a repository of BIAN artefacts, currently the BIAN Semantic APIs",SyndicatedLoan.yaml,Syndicated Loan,Handle the processing of syndicated loans with the bank playing the lead coordination role with other syndicate bank members. Note some initial preparation may have been made through prior customer offer processing.
public,"This is a repository of BIAN artefacts, currently the BIAN Semantic APIs",RewardPointsAwardsAndRedemption.yaml,Reward Points Awards And Redemption,Handle the allocation and redemption of rewards points for customer transaction activity
public,"This is a repository of BIAN artefacts, currently the BIAN Semantic APIs",CustomerSurveys.yaml,Customer Surveys,Define and execute and analyze customer surveys
public,"This is a repository of BIAN artefacts, currently the BIAN Semantic APIs",Disbursement.yaml,Disbursement,This service domain handles the disbursement of funds to newly established loans/facilities as necessary
public,"This is a repository of BIAN artefacts, currently the BIAN Semantic APIs",TradeConfirmationMatching.yaml,Trade Confirmation Matching,This Service Domain supports the bank's interface to a central market matching and confirmation service whether the bank acts as broker dealer or institutional investor
public,"This is a repository of BIAN artefacts, currently the BIAN Semantic APIs",TransactionEngine.yaml,Transaction Engine,Orchestrate a schedule of payment transaction and reporting activities for the fulfillment of certain long term instruments or structured facilities
public,"This is a repository of BIAN artefacts, currently the BIAN Semantic APIs",CurrentAccount.yaml,Current Account,"This service domain orchestrates a consumer checking/demand deposit account. The typical range of services and fees covers payments and deposits, standing orders, sweeps, liens, check and debit card access."
public,"This is a repository of BIAN artefacts, currently the BIAN Semantic APIs",ConsumerAdvisoryServices.yaml,Consumer Advisory Services,"Offer financial advisory services to consumer customers, possibly for a fee"
public,"This is a repository of BIAN artefacts, currently the BIAN Semantic APIs",FinancialInstrumentReferenceDataManagement.yaml,Financial Instrument Reference Data Management,This Service Domain maintains a directory of financial instrument reference data
public,"This is a repository of BIAN artefacts, currently the BIAN Semantic APIs",Collections.yaml,Collections,Handles the liquidation of assets to offset the losses for problem accounts
public,"This is a repository of BIAN artefacts, currently the BIAN Semantic APIs",ProductInventoryDistribution.yaml,Product Inventory Distribution,Administer the provisioning and distribution of product inventory across the branch network and/or distribute direct to customers (e.g. mail) where appropriate
public,"This is a repository of BIAN artefacts, currently the BIAN Semantic APIs",CustomerPortfolio.yaml,Customer Portfolio,Maintain a portfolio of analytical views of the customer base to support customer segment profitability and performance analysis
public,"This is a repository of BIAN artefacts, currently the BIAN Semantic APIs",ProductTraining.yaml,Product Training,"Develop and provide product specific training across the workforce. This includes all media and training mechanisms (on-line, self taught, classroom etc.)"
public,"This is a repository of BIAN artefacts, currently the BIAN Semantic APIs",CompetitorAnalysis.yaml,Competitor Analysis,"Solicit, consolidate and analyze competitor specific public domain data to develop competitor insights and comparisons"
public,"This is a repository of BIAN artefacts, currently the BIAN Semantic APIs",CustodyAdministration.yaml,Custody Administration,A service to provide safe custody services for marketable securities for bank customers
public,"This is a repository of BIAN artefacts, currently the BIAN Semantic APIs",RegulatoryAndLegalAuthority.yaml,Regulatory And Legal Authority,"Maintain effective relations with regulators, accounting and government agencies. Oversee interactions and reporting as necessary"
public,"This is a repository of BIAN artefacts, currently the BIAN Semantic APIs",CardFinancialSettlement.yaml,Card Financial Settlement,This service domain orchestrates the settlement of the transactions between the Issuers and the Acquirers through the Card Networks.
public,"This is a repository of BIAN artefacts, currently the BIAN Semantic APIs",CardeCommerceGateway.yaml,Card eCommerce Gateway,"This service domain orchestrates the processing of e-commerce transactions for authentication, authorization and capture of the financial transactions."
public,"This is a repository of BIAN artefacts, currently the BIAN Semantic APIs",IssuedDeviceTracking.yaml,Issued Device Tracking,"This service domain handles operational access to issued device tracking services. Services report on the status of devices such as cards, fobs, etc. that have been issued to customers. Service notifications include fraud warnings/alerts and device cancellation."
public,"This is a repository of BIAN artefacts, currently the BIAN Semantic APIs",SalesProduct.yaml,Sales Product,"A representation of a product as sold to a customer, covering the operational fulfillment requirements"
public,"This is a repository of BIAN artefacts, currently the BIAN Semantic APIs",CreditCardPositionKeeping.yaml,Credit Card Position Keeping,"Maintain a log of credit card bookings and authorizations for operational and management information, tracking and reconciliation purposes."
public,"This is a repository of BIAN artefacts, currently the BIAN Semantic APIs",BankDrafts.yaml,Bank Drafts,This Service Domain support bank guaranteed payment transactions such as bank drafts
public,"This is a repository of BIAN artefacts, currently the BIAN Semantic APIs",FinancialGateway.yaml,Financial Gateway,"This service domain operates automated message interfaces to secure networks such as SWIFT, TELEX, ACH and Financial Market/Exchange reporting services"
public,"This is a repository of BIAN artefacts, currently the BIAN Semantic APIs",Advertising.yaml,Advertising,"Develop the plan for and oversee advertising campaign activity, including budget and resource management"
public,"This is a repository of BIAN artefacts, currently the BIAN Semantic APIs",CustomerEventHistory.yaml,Customer Event History,"This service domain captures, classifies and stores relationship, servicing and product fulfillment related customer events. In addition to servicing and product transaction details, the log can capture life/relationship events that are revealed during customer exchanges"
public,"This is a repository of BIAN artefacts, currently the BIAN Semantic APIs",TradeandPriceReporting.yaml,Trade and Price Reporting,This Service Domain operates an automated facility that reports executed market trades to the market place as required by the rules of market participation
public,"This is a repository of BIAN artefacts, currently the BIAN Semantic APIs",FraudDiagnosis.yaml,Fraud Diagnosis,This service domain handles the evaluation of detected possible fraud to support an appropriate response to contain the exposure
public,"This is a repository of BIAN artefacts, currently the BIAN Semantic APIs",CustomerBehaviorInsights.yaml,Customer Behavior Insights,This service domain applies behavioral analysis to customer event history to maintain a range of customer ratings/scores (such as 'propensity to buy') and to detect life events or trends
public,"This is a repository of BIAN artefacts, currently the BIAN Semantic APIs",ProductPortfolio.yaml,Product Portfolio,Maintain a portfolio of analytical views of the product portfolio to support product profitability and performance analysis
public,"This is a repository of BIAN artefacts, currently the BIAN Semantic APIs",LegalEntityDirectory.yaml,Legal Entity Directory,This service domain maintains details of the legal entity structure of the party including dependents and associations for individuals and ownership/subsidiary structures for corporations. Some financial indicators and product coverage/activity details can be included where this defines the nature of the legal entity relationship in particular for corporate entities
public,"This is a repository of BIAN artefacts, currently the BIAN Semantic APIs",CorporateTrustServices.yaml,Corporate Trust Services,This Service Domain provides corporate trust services centered on the handling of debt instruments and escrow account support
public,"This is a repository of BIAN artefacts, currently the BIAN Semantic APIs",RegulatoryCompliance.yaml,Regulatory Compliance,"This service domain provides a service to interpret regulatory requirements, provide guidance and define and implement a portfolio of regulatory compliance tests across all appropriate bank activities"
public,"This is a repository of BIAN artefacts, currently the BIAN Semantic APIs",CustomerCaseManagement.yaml,Customer Case Management,Track and assess case load and resolution activity - allocate resources as necessary to optimize case resolution performance
public,"This is a repository of BIAN artefacts, currently the BIAN Semantic APIs",DirectDebitMandate.yaml,Direct Debit Mandate,This service domains manages the customer mandates associated with direct debit processing for a corporate client
public,"This is a repository of BIAN artefacts, currently the BIAN Semantic APIs",CorporateCurrentAccount.yaml,Corporate Current Account,"This service domain orchestrates a corporate checking/demand deposit account. The typical range of services and fees covers payments and deposits, standing orders, sweeps, liens, check and debit card access."
public,"This is a repository of BIAN artefacts, currently the BIAN Semantic APIs",CustomerWorkbench.yaml,Customer Workbench,This service domain represents customer side devices. Most commonly providing a customer access portal to the banks products and services through any suitable channel and device
public,"This is a repository of BIAN artefacts, currently the BIAN Semantic APIs",CardNetworkParticipantFacility.yaml,Card Network Participant Facility,"This service domain orchestrates the activities related to the inclusion of new Acquirers and Issuers in the Card Network, their terms and conditions and their status."
public,"This is a repository of BIAN artefacts, currently the BIAN Semantic APIs",SpecialPricingConditions.yaml,Special Pricing Conditions,Maintain a pricing list or conditions (with ranges and optional terms) categorized by various dimensions to impose exceptional product pricing conditions that override standard pricing terms (for special events/situations)
public,"This is a repository of BIAN artefacts, currently the BIAN Semantic APIs",InterbankRelationshipManagement.yaml,Interbank Relationship Management,"Manage the bank's relationship with other banks, covering any specific agreements that may be in place and overseeing operational issues."
public,"This is a repository of BIAN artefacts, currently the BIAN Semantic APIs",PaymentExecution.yaml,Payment Execution,"This service domains processes the movement of funds between accounts within the bank or to/from an account held with another bank, selecting the appropriate payment mechanism"
public,"This is a repository of BIAN artefacts, currently the BIAN Semantic APIs",StandingOrder.yaml,Standing Order,"Customers can issue standing orders to the bank. In most cases this is for the execution of a periodical payment, but there are other standing instructions like, sweeping balances at end of month, topping off excess funds for a current account, etc. "
public,"This is a repository of BIAN artefacts, currently the BIAN Semantic APIs",SavingsAccount.yaml,Savings Account,"This service domain orchestrates a consumer savings account. The typical range of services and fees covers payments from and scheduled and ad-hoc deposits to the account, standing orders, sweeps, and liens."
public,"This is a repository of BIAN artefacts, currently the BIAN Semantic APIs",CustomerRelationshipManagement.yaml,Customer Relationship Management,"This service domain develops and executes a customer plan to maintain and build a customer relationship. Activities include ongoing customer contact, tracking internal and external events and activity of interest and relevance, product and service matching and sales, processing ad-hoc queries, trouble shooting and issue resolution including the initial phases of troubled account recovery"
public,"This is a repository of BIAN artefacts, currently the BIAN Semantic APIs",InternalBankAccount.yaml,Internal Bank Account,This Service Domain manages the banking-related accounts that are not owned by customers. These are not general ledger accounts. Typical examples are holding accounts and mirror accounts.
public,"This is a repository of BIAN artefacts, currently the BIAN Semantic APIs",Correspondence.yaml,Correspondence,This service domain orchestrates the production of pre-formatted correspondence and batches of correspondence (e.g. mail shots).
public,"This is a repository of BIAN artefacts, currently the BIAN Semantic APIs",ProductDesign.yaml,Product Design,Develop/refine product designs and supporting specification details
public,"This is a repository of BIAN artefacts, currently the BIAN Semantic APIs",SessionDialogue.yaml,Session Dialogue,"This service domain handles/structures the customer narrative during an interactive session. It consolidates and presents pertinent customer information and provides servicing guidelines with standard dialogue/scripting as appropriate. It can include the capability to provoke questions to capture key relationship and sales triggers. It also ensures the correct sequencing, dialogue content and actions are performed/initiated during the customer interaction. It may further leverage the session by passing on customer notifications, status updates and triggering sales/marketing efforts."
public,"This is a repository of BIAN artefacts, currently the BIAN Semantic APIs",LegalCompliance.yaml,Legal Compliance,"Provide specialist legal advice, assess for legal compliance and resolve legal cases as they occur"
public,"This is a repository of BIAN artefacts, currently the BIAN Semantic APIs",MarketOrderExecution.yaml,Market Order Execution,"The Market Order Execution Service Domain is responsible for the booking of securities transactions (e.g. resulting from market orders or some types of corporate actions) on investment accounts, so in terms of security name plus quantity."
public,"This is a repository of BIAN artefacts, currently the BIAN Semantic APIs",CustomerPosition.yaml,Customer Position,"This service domain maintains a consolidated financial position for a customer, combining details from all products and services in use. The position can cover available funds, credit, collateral, tax exposure and other financial measures as necessary"
public,"This is a repository of BIAN artefacts, currently the BIAN Semantic APIs",CreditRiskOperations.yaml,Credit Risk Operations,This Service Domain monitors counterparty credit limits in the trading unit
public,"This is a repository of BIAN artefacts, currently the BIAN Semantic APIs",ProgramTrading.yaml,Program Trading,This Service Domain supports a program trading capability where the trading decisions are made based on predefined/programmed rules and policies. Manual oversight and monitoring capabilities are supported as appropriate
public,"This is a repository of BIAN artefacts, currently the BIAN Semantic APIs",TradingBookOversight.yaml,Trading Book Oversight,This Service Domain oversees the bank's trading book (a type of account ledger that records details of frequently traded securities held by the bank) to manage the banks market risk
public,"This is a repository of BIAN artefacts, currently the BIAN Semantic APIs",OpenItemManagement.yaml,Open Item Management,This service domain provides a service for handling the resolution of open items against accounts (such as overdue loan payments)
public,"This is a repository of BIAN artefacts, currently the BIAN Semantic APIs",Leasing.yaml,Leasing,The leasing products enables customers to finance equipment purchases using the leased item as collateral when necessary
public,"This is a repository of BIAN artefacts, currently the BIAN Semantic APIs",ProductionRelease.yaml,Production Release,Maintain and apply production release tests for new and updated systems
public,"This is a repository of BIAN artefacts, currently the BIAN Semantic APIs",MarketDataSwitchOperation.yaml,Market Data Switch Operation,This service domain operates the internal information distribution facility/switch in compliance with administered external subscription information feed service access rights. Note the content is retrieved by the Market Feed Operation service domain from the various external feed services. Internal information can also be published over the switch from various bank sources (such as bank rates provided by treasury).
public,"This is a repository of BIAN artefacts, currently the BIAN Semantic APIs",AdvancedVoiceServicesManagement.yaml,Advanced Voice Services Management,Oversee the configuration and operation of the voice channel facilities
public,"This is a repository of BIAN artefacts, currently the BIAN Semantic APIs",Loan.yaml,Loan,This service domain handles the fulfillment of a general loan product. This includes the initial set-up of the loan facility and the completion of scheduled and ad-hoc product processing tasks
public,"This is a repository of BIAN artefacts, currently the BIAN Semantic APIs",MarketMaking.yaml,Market Making,This Service Domain enables the bank to fulfill its market making function typically in collaboration with a trading exchange. The bank maintains a buy/sell quote for the securities it supports as a market maker and accepts buy/sell orders on request
public,"This is a repository of BIAN artefacts, currently the BIAN Semantic APIs",RewardPointsAccount.yaml,Reward Points Account,Administer the booking and remittance of rewards points
public,"This is a repository of BIAN artefacts, currently the BIAN Semantic APIs",CustomerCase.yaml,Customer Case,"This service domain handles the initiation, tracking, resolution and reporting on customer cases (issues that typically require corrective response to some financial transaction)"
public,"This is a repository of BIAN artefacts, currently the BIAN Semantic APIs",TrustServices.yaml,Trust Services,This Service Domain support a range of trust management services offered to high value customers
public,"This is a repository of BIAN artefacts, currently the BIAN Semantic APIs",DealerDesk.yaml,Dealer Desk,The Dealer Workbench represents the bank's dealing desk facility supporting one or more trading lines of activity for both agency and principal trading in all chosen market instruments. It also supports sales and market risk trading desk functions
public,"This is a repository of BIAN artefacts, currently the BIAN Semantic APIs",AccountRecovery.yaml,Account Recovery,This service domain handles the restructuring of a distressed account (loan) after standard recovery procedures have been exhausted
public,"This is a repository of BIAN artefacts, currently the BIAN Semantic APIs",BranchLocationManagement.yaml,Branch Location Management,"Manage and oversee branch activity, assign resources to optimize branch performance"
public,"This is a repository of BIAN artefacts, currently the BIAN Semantic APIs",BranchCurrencyDistribution.yaml,Branch Currency Distribution,Schedule and coordinate the secure distribution of cash inventory across the branch and ATM networks.
public,"This is a repository of BIAN artefacts, currently the BIAN Semantic APIs",MarketAnalysis.yaml,Market Analysis,This service domain analyzes internal and external market information sources as necessary to develop specific market insights. It may maintain a collection of predefined market analyses and may also offer specific ad-hoc analysis on request
public,"This is a repository of BIAN artefacts, currently the BIAN Semantic APIs",ConsumerInvestments.yaml,Consumer Investments,Handle the consumer front-end trading requests. These will typically be blocked/netted for market execution
public,"This is a repository of BIAN artefacts, currently the BIAN Semantic APIs",ConsumerLoan.yaml,Consumer Loan,This service domain handles the fulfillment of a consumer loan product. This includes the initial set-up of the loan facility and the completion of scheduled and ad-hoc product processing tasks
public,"This is a repository of BIAN artefacts, currently the BIAN Semantic APIs",CashManagementAndAccountServices.yaml,Cash Management And Account Services,This service domain orchestrates a cash management and accounting services facility typically used by corporations to support additional cash management features over and above the standard facilities of current and savings accounts
public,"This is a repository of BIAN artefacts, currently the BIAN Semantic APIs",CorporatePayrollServices.yaml,Corporate Payroll Services,The Corporate Payroll Services Service Domain handles payroll payment processing for the employees of a corporate customer.
public,"This is a repository of BIAN artefacts, currently the BIAN Semantic APIs",ProjectFinance.yaml,Project Finance,This Service Domain fulfills project financing by which major (government) projects can attract privet sector financing
public,"This is a repository of BIAN artefacts, currently the BIAN Semantic APIs",CommissionAgreement.yaml,Commission Agreement,Maintain and administer the terms and transactions for employee and broker commissions
public,"This is a repository of BIAN artefacts, currently the BIAN Semantic APIs",ProspectCampaignManagement.yaml,Prospect Campaign Management,Assess the coverage and impact of external/prospect campaigns and redirect campaign development and execution activity accordingly
public,"This is a repository of BIAN artefacts, currently the BIAN Semantic APIs",SystemsAdministration.yaml,Systems Administration,"Administer the configuration, maintenance, assignment and track usage and status of all IT assets deployed in development and production across the enterprise"
public,"This is a repository of BIAN artefacts, currently the BIAN Semantic APIs",ProductMatching.yaml,Product Matching,"Capability used to match eligible product and product combinations to a customer based on prevailing conditions such as customer type, product interest, solicitation/retention, campaign alignment"
public,"This is a repository of BIAN artefacts, currently the BIAN Semantic APIs",CreditFacility.yaml,Credit Facility,The Credit Facility Service Domain manages the Credit Facilities that a Corporate Customer has with the bank. A Credit Facility is an agreement between the bank and a (corporate) customer to allow the customer to acquire asset products from the bank up to the limit of the credit facility without the need for a full due diligence and underwriting for each of these products.
public,"This is a repository of BIAN artefacts, currently the BIAN Semantic APIs",PartyReferenceDataDirectory.yaml,Party Reference Data Directory,"This service domain maintains a range of party reference information covering aspects including general reference details, contacts and associations and demographic information"
public,"This is a repository of BIAN artefacts, currently the BIAN Semantic APIs",ProcessingOrder.yaml,Processing Order,"The Processing Order Service Domain handles the processing of a service request that comes in via a secure channel from a known requestor, which is typically an automated process itself and not a customer."
public,"This is a repository of BIAN artefacts, currently the BIAN Semantic APIs",CustomerOffer.yaml,Customer Offer,"This service domain orchestrates the processing of a product offer for a new or established  customer. The offer process is defined specifically for the product or service being considered and can include actions such as document checks, collateral allocation, credit assessments, underwriting decisions, regulatory and procedural checks, eligibility checks, the use of internal and external specialist services (such as evaluations and legal advice)."
public,"This is a repository of BIAN artefacts, currently the BIAN Semantic APIs",ChequeLockBox.yaml,Cheque Lock Box,This Service Domain support paper cheque processing services offered to corporate customers
public,"This is a repository of BIAN artefacts, currently the BIAN Semantic APIs",CashConcentration.yaml,Cash Concentration,"Cash Concentration is a cash management service aimed at moving a balance, or part of a balance of an account to a different account to meet various requirements."
public,"This is a repository of BIAN artefacts, currently the BIAN Semantic APIs",CollateralAllocationManagement.yaml,Collateral Allocation Management,The Service Domain manages the allocation of party owned assets to bank issued lending and other asset products.
public,"This is a repository of BIAN artefacts, currently the BIAN Semantic APIs",PublicReferenceDataManagement.yaml,Public Reference Data Management,"Provide structured access to standard 'global' reference data and definitions associated with market activity such as currency, country and segment identifiers."
public,"This is a repository of BIAN artefacts, currently the BIAN Semantic APIs",ArchiveServices.yaml,Archive Services,"The Archive Services Service Domain enables the bank to retain, maintain and access significant documents that are no longer actively accessed but that might be required in the future"
public,"This is a repository of BIAN artefacts, currently the BIAN Semantic APIs",ServicingMandate.yaml,Servicing Mandate,This service domain maintains the allowed customer servicing arrangements for a service provider covering general access to the bank's products and services and optionally customer specific arrangements
public,"This is a repository of BIAN artefacts, currently the BIAN Semantic APIs",ServicingIssue.yaml,Servicing Issue,This Service Domain handles production customer servicing issues detected in the customer servicing environment
public,"This is a repository of BIAN artefacts, currently the BIAN Semantic APIs",MarketOrder.yaml,Market Order,Market Order records an instruction from a customer or his or her representative to buy or sell securities. It follows the order during its lifetime and reports back to the requestor on the execution.
public,"This is a repository of BIAN artefacts, currently the BIAN Semantic APIs",CardTransactionSwitch.yaml,Card Transaction Switch,"This service domain orchestrates the switching and routing of Card Authorization and Financial transactions received through the Card POS Network, Card E-Commerce Gateway, or the ATM Network from the Acquirer to the Issuer through the Card Networks."
public,"This is a repository of BIAN artefacts, currently the BIAN Semantic APIs",ProductServiceAgency.yaml,Product Service Agency,This Service Domain establishes and maintains contractual arrangements with product and service agencies
public,"This is a repository of BIAN artefacts, currently the BIAN Semantic APIs",ProductDeployment.yaml,Product Deployment,Plan and administer the production deployment new and updated products and services
public,"This is a repository of BIAN artefacts, currently the BIAN Semantic APIs",BranchCurrencyManagement.yaml,Branch Currency Management,"Track cash inventory, project demand and ensure all cash is accounted for within the branch"
public,"This is a repository of BIAN artefacts, currently the BIAN Semantic APIs",TradeSettlement.yaml,Trade Settlement,"This Service Domain handles the final movement of cash and securities between depositories as previously confirmed in the clearing process, in order to settle a market trade"
public,"This is a repository of BIAN artefacts, currently the BIAN Semantic APIs",FraudEvaluation.yaml,Fraud Evaluation,The service domain executes fraud behavioral pattern tests to detect possible fraudulent transactions/activity
public,"This is a repository of BIAN artefacts, currently the BIAN Semantic APIs",DirectDebit.yaml,Direct Debit,Fulfils a direct debit agreement.  Handles the creditor side of direct debits.
public,"This is a repository of BIAN artefacts, currently the BIAN Semantic APIs",ServiceProviderOperations.yaml,Service Provider Operations,This Service Domain handles the range of operational actions used in production interactions with an external service provider.
public,"This is a repository of BIAN artefacts, currently the BIAN Semantic APIs",DelinquentAccountHandling.yaml,Delinquent Account Handling,This service domain handles delinquent accounts (typically for active credit/charge cards) for follow-up of payments due through periodic review and contacts. This process ends when the account is cancelled and is transferred to Collections
public,"This is a repository of BIAN artefacts, currently the BIAN Semantic APIs",FinancialInstrumentValuation.yaml,Financial Instrument Valuation,This Service Domain provides a range of financial asset valuation services  
public,"This is a repository of BIAN artefacts, currently the BIAN Semantic APIs",CorporateLease.yaml,Corporate Lease,The Corporate Lease product provides corporate customers with loans to support leasing activity for property and equipment under an umbrella leasing arrangement
public,"This is a repository of BIAN artefacts, currently the BIAN Semantic APIs",CardTerminalOperation.yaml,Card Terminal Operation,"This service domain handle POS operations including processing, capture and tracking of the transactions originating at the Point of Sale devices."
public,"This is a repository of BIAN artefacts, currently the BIAN Semantic APIs",InvestmentPortfolioManagement.yaml,Investment Portfolio Management,"Manage an investment portfolio, initiating trading to leverage market opportunities, remaining within portfolio trading policies"
public,"This is a repository of BIAN artefacts, currently the BIAN Semantic APIs",BrandManagement.yaml,Brand Management,Respond to events that potentially damage the brand or provide an opportunity to strengthen/leverage brand awareness
public,"This is a repository of BIAN artefacts, currently the BIAN Semantic APIs",CorrespondentBankOperations.yaml,Correspondent Bank Operations,"This service domain fulfils correspondent banking arrangements between the bank and its correspondent banking partners.  This includes handling the clearing and settlement of payments to/from the correspondent banks, typically using the SWIFT payment network."
public,"This is a repository of BIAN artefacts, currently the BIAN Semantic APIs",ContactRouting.yaml,Contact Routing,"The Contact Routing service domain tracks servicing resource availability and uses any known details about the customer contact (e.g. identity, indicated purpose of call, status of the relationship) to make an optimal routing decision. The routing selection may include matching the required product knowledge/skills to the available servicing resources."
public,"This is a repository of BIAN artefacts, currently the BIAN Semantic APIs",ProductQualityAssurance.yaml,Product Quality Assurance,Maintain and execute a portfolio of product quality assurance tests and certifications that can be applied to evaluate any aspect of production activity for quality assurance
public,"This is a repository of BIAN artefacts, currently the BIAN Semantic APIs",FinancialAccounting.yaml,Financial Accounting,"The Financial Accounting Service Domain takes in financial facts and based on these, creates accounting instructions that will update the general ledger and sub ledger accounts"
public,"This is a repository of BIAN artefacts, currently the BIAN Semantic APIs",BusinessDevelopment.yaml,Business Development,"Define, implement, track and assess the new business development plans"
public,"This is a repository of BIAN artefacts, currently the BIAN Semantic APIs",BankGuarantee.yaml,Bank Guarantee,This Service Domain handles the pricing and issuance of a broad range of bank guarantee instruments
public,"This is a repository of BIAN artefacts, currently the BIAN Semantic APIs",OperationalGateway.yaml,Operational Gateway,"This Service Domain operates production information exchanges with external parties for non-financial messages/transactions. It may employ a broad range of channels, media and technologies as needed to support the different requirements of any particular third party interface"
public,"This is a repository of BIAN artefacts, currently the BIAN Semantic APIs",FinancialMarketResearch.yaml,Financial Market Research,The service domain consolidates external financial market research
public,"This is a repository of BIAN artefacts, currently the BIAN Semantic APIs",BusinessUnitManagement.yaml,Business Unit Management,Track and report on business unit activity and financial performance
public,"This is a repository of BIAN artefacts, currently the BIAN Semantic APIs",ServicingEventHistory.yaml,Servicing Event History,"This service domain captures, classifies and stores servicing activity and events to support root cause analysis"
public,"This is a repository of BIAN artefacts, currently the BIAN Semantic APIs",AssetAndLiabilityManagement.yaml,Asset And Liability Management,The unit overseeing the  banks asset & liability policies and position
public,"This is a repository of BIAN artefacts, currently the BIAN Semantic APIs",BranchLocationOperations.yaml,Branch Location Operations,"The day to day administration of branch activity, including teller assignment and cash handling oversight"
public,"This is a repository of BIAN artefacts, currently the BIAN Semantic APIs",CustomerBehaviorModels.yaml,Customer Behavior Models,"This service domain handles the design and maintenance of a portfolio of customer behavior models that might be used in all aspects of customer relationship development, sales, servicing and product fulfillment"
public,"This is a repository of BIAN artefacts, currently the BIAN Semantic APIs",SuitabilityChecking.yaml,Suitability Checking,Confirm that all involved counterparties are suitable for a proposed market trade.
public,"This is a repository of BIAN artefacts, currently the BIAN Semantic APIs",ManagementManual.yaml,Management Manual,"Develop, maintain and promulgate the management manual of required procedures and guidelines. Provide support in its reference and interpretation as appropriate"
public,"This is a repository of BIAN artefacts, currently the BIAN Semantic APIs",CustomerBilling.yaml,Customer Billing,"This service domains provides a central service to compose, issue and track customer billing and invoices"
public,"This is a repository of BIAN artefacts, currently the BIAN Semantic APIs",CustomerAccessEntitlement.yaml,Customer Access Entitlement,This service domain maintains the details of the allowed channel/device based access to products and services that the customer has in place.  This profile is referenced in servicing and fulfillment activity and may include customer preferences and access limits/constraints that span multiple products.
public,"This is a repository of BIAN artefacts, currently the BIAN Semantic APIs",PromotionalEvents.yaml,Promotional Events,"Develop the plan for and oversee promotional event activity, including budget and resource management"
public,"This is a repository of BIAN artefacts, currently the BIAN Semantic APIs",ACHOperations.yaml,ACH Operations,This service domain operates the Automated Clearing House (ACH) access gateway between the bank and the ACH service provider
public,"This is a repository of BIAN artefacts, currently the BIAN Semantic APIs",ECMAndDCM.yaml,ECM And DCM,"Supports the specification, pricing and issuance of equity and debt (bond) primary capital market products for corporate financing services"
public,"This is a repository of BIAN artefacts, currently the BIAN Semantic APIs",CardCase.yaml,Card Case,"This service domain handles the processing of a customer card case, typically a disputed charge"
public,"This is a repository of BIAN artefacts, currently the BIAN Semantic APIs",ComplianceReporting.yaml,Compliance Reporting,This service domain administers and orchestrates the tasks required to apply and report on internal audit control and reporting activity
public,"This is a repository of BIAN artefacts, currently the BIAN Semantic APIs",CardCollections.yaml,Card Collections,This service domain administers the recovery of outstanding amounts from cancelled card accounts through internal or external collection agencies.  This may involve negotiating payment terms and/or interest write-downs.
public,"This is a repository of BIAN artefacts, currently the BIAN Semantic APIs",CardTransactionCapture.yaml,Card Transaction Capture,A distributed facility to capture card transactions at the point of sale
public,"This is a repository of BIAN artefacts, currently the BIAN Semantic APIs",ContactCenterOperations.yaml,Contact Center Operations,Administer the day to day activity in the contact center - allocate positions and track staff availability and performance
public,"This is a repository of BIAN artefacts, currently the BIAN Semantic APIs",Commissions.yaml,Commissions,The service domain processes commissions for transactions for eligible employees
public,"This is a repository of BIAN artefacts, currently the BIAN Semantic APIs",FiduciaryAgreement.yaml,Fiduciary Agreement,An agreement where the bank agrees to act on behalf of the customer in a financial matter and in accordance with the agreement terms
public,"This is a repository of BIAN artefacts, currently the BIAN Semantic APIs",MerchantAcquiringFacility.yaml,Merchant Acquiring Facility,"This service domain orchestrates the activities related to Merchant fulfillment, Merchant Account maintenance, Merchant transactional activities and settlement, including the billing of merchant fees and charges."
public,"This is a repository of BIAN artefacts, currently the BIAN Semantic APIs",AccountsReceivable.yaml,Accounts Receivable,This service domain handles accounts receivable for invoices issue by the bank to customers and partners. It includes follow-up and resolution activity for delayed/missed payments
public,"This is a repository of BIAN artefacts, currently the BIAN Semantic APIs",GuidelineCompliance.yaml,Guideline Compliance,"This service domain develops and applies a portfolio of guideline compliance tests to confirm adherence to bank and regulator imposed internal procedures. Tests may be made on complete transaction data or a meaningful samples as appropriate to mitigate exposure to non-compliant behaviors. Compliance checks may be in response to a schedule, a specific request as part of normal processing or may be initiated randomly as an oversight activity"
public,"This is a repository of BIAN artefacts, currently the BIAN Semantic APIs",SalesProductAgreement.yaml,Sales Product Agreement,This service domain maintains a structured legal agreement defining the contractual terms and conditions for an in-force product for a customer. It is subordinate to the customer's master agreement that is maintained by the Customer Agreement service domain
public,"This is a repository of BIAN artefacts, currently the BIAN Semantic APIs",ProductInventoryItemManagement.yaml,Product Inventory Item Management,Maintain and distribute product inventory
public,"This is a repository of BIAN artefacts, currently the BIAN Semantic APIs",FinancialStatementAssessment.yaml,Financial Statement Assessment,"This Service Domain supports a range of financial analyses that can be used to extract specific insights (e.g. valuations, liquidity, risk, market sensitivities) from an entity's financial statements"
public,"This is a repository of BIAN artefacts, currently the BIAN Semantic APIs",ServicingActivityAnalysis.yaml,Servicing Activity Analysis,This service domain analyzes servicing activity to support continual service improvement
public,"This is a repository of BIAN artefacts, currently the BIAN Semantic APIs",ProductSalesSupport.yaml,Product Sales Support,This Service Domain administers customer access to product specialists
public,"This is a repository of BIAN artefacts, currently the BIAN Semantic APIs",CustomerProposition.yaml,Customer Proposition,This Service Domain maintains bank and customer defined requirements spanning all products and services
public,"This is a repository of BIAN artefacts, currently the BIAN Semantic APIs",QuoteManagement.yaml,Quote Management,This service domain handles the procedure used by traders to obtain and selecting quotes from market makers 
public,"This is a repository of BIAN artefacts, currently the BIAN Semantic APIs",CorrespondentBankRelationshipManagement.yaml,Correspondent Bank Relationship Management,"This Service Domain manages correspondent bank relations, ensuring reciprocity and developing business where possible"
public,"This is a repository of BIAN artefacts, currently the BIAN Semantic APIs",PointofService.yaml,Point of Service,"This service domain operates servicing positions within the bank. It administers all media connections, inventory holdings (e.g. cash), provides access to support utilities and tracks servicing activity -e.g. time spent, activity logs, capturing servicing events including commission and training related actions. In cases servicing positions can be automated"
public,"This is a repository of BIAN artefacts, currently the BIAN Semantic APIs",ChannelActivityHistory.yaml,Channel Activity History,This service domains consolidates and captures customer channel usage activity to support channel activity analysis and also can be referenced for customer access authorization and routing decisions
public,"This is a repository of BIAN artefacts, currently the BIAN Semantic APIs",Factoring.yaml,Factoring,This Service Domain supports a factoring service for corporate customers enabling them to convert accounts receivable into immediate funds at a discount
public,"This is a repository of BIAN artefacts, currently the BIAN Semantic APIs",SecuritiesPositionKeeping.yaml,Securities Position Keeping,This service domain maintains a securities transaction log to support securities investment activity
public,"This is a repository of BIAN artefacts, currently the BIAN Semantic APIs",PartyRoutingProfile.yaml,Party Routing Profile,"This service domain maintains a small profile of key indicators for a customer that is referenced during customer interactions to facilitate routing, servicing and product/service fulfillment decisions. This can include status (such as account in arrears), ratings (such as high value customer) and alerts (such possible fraud activity detected)"
public,"This is a repository of BIAN artefacts, currently the BIAN Semantic APIs",MarketResearch.yaml,Market Research,"This service domain handles the capture of market research from multiple external sources. This can include live feeds, analysis and reports in any form. The information is classified/catalogued and stored for retrieval."
public,"This is a repository of BIAN artefacts, currently the BIAN Semantic APIs",ServicingOrder.yaml,Servicing Order,This service domain handles the processing of a customer servicing request as a predefined procedure. A range of standard servicing requests can be supported. The process can include a check of permissions when the request is made by a third party/service provider
public,"This is a repository of BIAN artefacts, currently the BIAN Semantic APIs",CorporateTaxAdvisory.yaml,Corporate Tax Advisory,"A fee or commission based product providing tax specific assessments, advice and guidance for corporate customers"
public,"This is a repository of BIAN artefacts, currently the BIAN Semantic APIs",DocumentServices.yaml,Document Services,The Document Services Service Domain manages the creation and maintenance of documents throughout the bank.
public,"This is a repository of BIAN artefacts, currently the BIAN Semantic APIs",PublicOffering.yaml,Public Offering,"This Service Domain supports a broad range of complex financial, accounting and regulatory actions involved in providing advice and practical support to companies going public and/or raising additional capital through the issuance of publicly traded securities"
public,"This is a repository of BIAN artefacts, currently the BIAN Semantic APIs",IntellectualPropertyPortfolio.yaml,Intellectual Property Portfolio,Administer the bank's intellectual property assets
public,"This is a repository of BIAN artefacts, currently the BIAN Semantic APIs",InvestmentAccount.yaml,Investment Account,"This service domain handles the non-cash holdings positions for a customer, covering multiple instruments as necessary"
public,"This is a repository of BIAN artefacts, currently the BIAN Semantic APIs",MarketInformationManagement.yaml,Market Information Management,Market information management consolidates and improves market information from multiple sources in order to build up a bank knowledge base in targeted areas
public,"This is a repository of BIAN artefacts, currently the BIAN Semantic APIs",TransactionAuthorization.yaml,Transaction Authorization,"This service domain handles risk based authorization for interactive customer transactions. This combines the context (channel) transaction, customer details and recent activity analysis as appropriate. The authorization may require a specific level of party/customer authentication to get approval."
public,"This is a repository of BIAN artefacts, currently the BIAN Semantic APIs",PaymentRailOperations.yaml,Payment Rail Operations,"This Service Domain handles the operational interface with payment service providers, formatting outbound transactions and onward routing inbound transactions during scheduled operating sessions. It also links to holding account facilities for net payment handling"
public,"This is a repository of BIAN artefacts, currently the BIAN Semantic APIs",ProductBrokerAgreement.yaml,Product Broker Agreement,This service domain maintains product broker contractual and service level agreements and tracks and confirms compliance and service related activity/volume goals when necessary
public,"This is a repository of BIAN artefacts, currently the BIAN Semantic APIs",LeasingItemAdministration.yaml,Leasing Item Administration,Track the status of the assets underlying leasing agreements as they represent collateral items that could be accessed in the event of account recovery
public,"This is a repository of BIAN artefacts, currently the BIAN Semantic APIs",PositionManagement.yaml,Position Management,The Service Domain tracks the bank's consolidated financial positions for major customers and complex market conditions
public,"This is a repository of BIAN artefacts, currently the BIAN Semantic APIs",ChequeProcessing.yaml,Cheque Processing,"Handle the processing of paper cheques, generating financial transactions for processing"
public,"This is a repository of BIAN artefacts, currently the BIAN Semantic APIs",CentralCashHandling.yaml,Central Cash Handling,"Track cash inventory, project demand and allocate inventory across the branch/ATM network"
public,"This is a repository of BIAN artefacts, currently the BIAN Semantic APIs",BrokeredProduct.yaml,Brokered Product,This Service Domain oversees all activities associated with the coordinated delivery of 3rd party products and services
public,"This is a repository of BIAN artefacts, currently the BIAN Semantic APIs",FinancialMarketAnalysis.yaml,Financial Market Analysis,Provide different types of financial market analysis using available financial market information and research
public,"This is a repository of BIAN artefacts, currently the BIAN Semantic APIs",TraderPositionOperations.yaml,Trader Position Operations,This Service Domain supports the activities of individual traders working within a trading book group
public,"This is a repository of BIAN artefacts, currently the BIAN Semantic APIs",LocationDataManagement.yaml,Location Data Management,This service domain maintain details of the use and state of locations of interest to the bank. This can include both physical and virtual addresses. It is used to check for valid use and for sales/marketing activities
public,"This is a repository of BIAN artefacts, currently the BIAN Semantic APIs",Underwriting.yaml,Underwriting,This service domain manages the underwriting decision process for products as appropriate (including many loan types and some insurance products)
public,"This is a repository of BIAN artefacts, currently the BIAN Semantic APIs",CurrencyExchange.yaml,Currency Exchange,Service Domain supports over the counter currency exchange
public,"This is a repository of BIAN artefacts, currently the BIAN Semantic APIs",StockLendingandRepos.yaml,Stock Lending and Repos,This Service Domain supports the bank offering tri-party repo transactions made between its customers to support their short term capital management requirements
public,"This is a repository of BIAN artefacts, currently the BIAN Semantic APIs",CustomerProductAndServiceEligibility.yaml,Customer Product And Service Eligibility,This Service Domain maintains a list of products and services for which a customer is eligible.
public,"This is a repository of BIAN artefacts, currently the BIAN Semantic APIs",SystemDevelopment.yaml,System Development,"Develop new, enhance existing applications and integrate package based systems solutions"
public,"This is a repository of BIAN artefacts, currently the BIAN Semantic APIs",SegmentDirection.yaml,Segment Direction,Define market segments and develop and assess performance against the segment plan's performance goals
public,"This is a repository of BIAN artefacts, currently the BIAN Semantic APIs",CounterpartyAdministration.yaml,Counterparty Administration,This Service Domain maintains key counterparty reference information used in the clearing and settlement of wholesale trading
public,"This is a repository of BIAN artefacts, currently the BIAN Semantic APIs",ATMNetworkOperations.yaml,ATM Network Operations,"Handling the automated operation of the ATM network and linked devices, including tracing physical cash and document movements"
public,"This is a repository of BIAN artefacts, currently the BIAN Semantic APIs",eBranchOperations.yaml,eBranch Operations,This service domain operates the bank's on-line web based electronic branch capabilities - controlling access and load balancing across available communications and processing resources to optimize performance/availability
public,"This is a repository of BIAN artefacts, currently the BIAN Semantic APIs",MutualFundAdministration.yaml,Mutual Fund Administration,The Mutual Fund Administration Service Domain handles all aspects of the set-up and operation of mutual funds that can be offered to the bank's general (non-accredited) customers
public,"This is a repository of BIAN artefacts, currently the BIAN Semantic APIs",CustomerProductandServiceDirectory.yaml,Customer Product and Service Directory,This Service Domain maintains the most important details of all the products and services that a customer has acquired from the bank.
public,"This is a repository of BIAN artefacts, currently the BIAN Semantic APIs",CustomerCampaignManagement.yaml,Customer Campaign Management,Assess the coverage and impact of internal/customer campaigns and redirect campaign development and execution activity accordingly
public,"This is a repository of BIAN artefacts, currently the BIAN Semantic APIs",CorporateTreasury.yaml,Corporate Treasury,This service domain orchestrates the consolidation and presentation of summary transaction details in order to assemble a timely and accurate view of the overall treasury position of the Bank at any one time. It is also responsible for determining the different interest and exchange rates applied to different products and services within the bank
public,"This is a repository of BIAN artefacts, currently the BIAN Semantic APIs",SubCustodianAgreement.yaml,Sub Custodian Agreement,This Service Domain establishes and maintains the terms governing sub custodian relationship
public,"This is a repository of BIAN artefacts, currently the BIAN Semantic APIs",ProspectCampaignDesign.yaml,Prospect Campaign Design,Design and refine prospect campaign specifications based on their impact
public,"This is a repository of BIAN artefacts, currently the BIAN Semantic APIs",RegulatoryReporting.yaml,Regulatory Reporting,This service domain administers and orchestrates the tasks required to meet the bank's regulatory reporting obligations
public,"This is a repository of BIAN artefacts, currently the BIAN Semantic APIs",CardTerminalAdministration.yaml,Card Terminal Administration,"This service domain administers the POS Network including the inventory, terminal characteristics, deployment and status of the POS devices."
public,"This is a repository of BIAN artefacts, currently the BIAN Semantic APIs",LetterofCredit.yaml,Letter of Credit,This Service Domain handles the pricing and issuance of letters of credit to its corporate customers in support of their international trading requirements
public,"This is a repository of BIAN artefacts, currently the BIAN Semantic APIs",CustomerAgreement.yaml,Customer Agreement,This service domain maintains the master customer agreement/legal contract. Note that a customer can be a complex corporate entity with many subsidiaries operating in different geopolitical areas. The customer agreement is linked to as many Sales Product Agreements as needed for all in-force products
public,"This is a repository of BIAN artefacts, currently the BIAN Semantic APIs",PartyAuthentication.yaml,Party Authentication,This service domain provides a customer identify authentication service covering all channels and devices to support access to the banks products and services
public,"This is a repository of BIAN artefacts, currently the BIAN Semantic APIs",InformationProviderOperation.yaml,Information Provider Operation,
public,"This is a repository of BIAN artefacts, currently the BIAN Semantic APIs",ProductCombination.yaml,Product Combination,Product Combination supports bundled products applying necessary constraints on embedded product fulfillment and ensuring product performance analysis takes correct account of embedded products' contribution
public,"This is a repository of BIAN artefacts, currently the BIAN Semantic APIs",KnowledgeExchange.yaml,Knowledge Exchange,"Consolidate, classify and provide structured access to consolidated market intelligence, product and procedural knowledge gained from the workforce in the execution of business to inform business activity and support continual improvement"
public,"This is a repository of BIAN artefacts, currently the BIAN Semantic APIs",MerchandisingLoan.yaml,Merchandising Loan,Fulfillment of loan product used in the purchase of a larger merchandise item such as a car or boat. The purchased item is typically treated as collateral for the loan
public,"This is a repository of BIAN artefacts, currently the BIAN Semantic APIs",CreditRiskModels.yaml,Credit Risk Models,This service domain handles the design and maintenance of a portfolio of credit models that are used in all aspects of customer credit assessments
public,"This is a repository of BIAN artefacts, currently the BIAN Semantic APIs",TermDeposit.yaml,Term Deposit,"A Term Deposit is an interest bearing account into which a customer can place a fixed amount of funds for a fixed amount of time. The Service Domain handles the opening, servicing and maturity processing of a Term Deposit.     "
public,"This is a repository of BIAN artefacts, currently the BIAN Semantic APIs",AssetSecuritization.yaml,Asset Securitization,Determine and select assets for securitization as needed to maintain and optimize the Bank's portfolio. Administer the securitization process
public,"This is a repository of BIAN artefacts, currently the BIAN Semantic APIs",HedgeFundAdministration.yaml,Hedge Fund Administration,The Hedge Fund Administration Service Domain handles all aspects of the set-up and operation of a hedge fund that is offered to accredited investors within the bank's customer base
public,"This is a repository of BIAN artefacts, currently the BIAN Semantic APIs",DirectDebitsService.yaml,Direct Debits Service,The Direct Debits Service Service Domain manages the operational details of a Direct Debits Service agreement between the bank and a corporate customer (creditor). 
public,"This is a repository of BIAN artefacts, currently the BIAN Semantic APIs",ProspectCampaignExecution.yaml,Prospect Campaign Execution,Execute a prospect campaign (version) and track and respond to impact
public,"This is a repository of BIAN artefacts, currently the BIAN Semantic APIs",ProductDirectory.yaml,Product Directory,"This service domain maintains a comprehensive directory of the bank's products and services. It can be referenced to obtain product details used to support activities including product selection, sales and marketing, on-boarding, servicing and product fulfillment."
public,"This is a repository of BIAN artefacts, currently the BIAN Semantic APIs",CustomerCreditRating.yaml,Customer Credit Rating,This service domain maintains and administers the bank's credit assessment for customers based on consolidated internal data and optionally by referencing external credit agency reports
public,"This is a repository of BIAN artefacts, currently the BIAN Semantic APIs",PaymentInitiation.yaml,Payment Initiation,This service domain provides a customer payment service. It captures the payer and payee details and other key properties of the payment and orchestrates the transaction. It provides support for repeating/scheduled payments
public,"This is a repository of BIAN artefacts, currently the BIAN Semantic APIs",CreditManagement.yaml,Credit Management,This service domain provides a bank-wide/oversight function to qualify credit pricing for offered products and services to reflect the bank's appetite to write the business. This decision can override the standard product pricing procedure
public,"This is a repository of BIAN artefacts, currently the BIAN Semantic APIs",CustomerCampaignDesign.yaml,Customer Campaign Design,Design and refine customer campaign specifications based on their impact
public,"This is a repository of BIAN artefacts, currently the BIAN Semantic APIs",PaymentOrder.yaml,Payment Order,"This service domain handles the bank-side processing of funds transfers, making the necessary bank and regulatory checks on the involved parties and applying their payment preferences where appropriate"
public,"This is a repository of BIAN artefacts, currently the BIAN Semantic APIs",CorporateFinance.yaml,Corporate Finance,This Service Domain handles the provision of a broad range of financial advisory services to corporate clients
public,"This is a repository of BIAN artefacts, currently the BIAN Semantic APIs",CustomerCampaignExecution.yaml,Customer Campaign Execution,Execute a customer campaign (version) and track and respond to impact
public,"This is a repository of BIAN artefacts, currently the BIAN Semantic APIs",CustomerTaxHandling.yaml,Customer Tax Handling,This service domain handles consumer tax reporting obligations including the consolidation and reporting of customer tax related financial activity
public,"This is a repository of BIAN artefacts, currently the BIAN Semantic APIs",CorporateAction.yaml,Corporate Action,This Service Domain supports the various custodial tasks associated with processing associated corporate actions for customer's with securities held at the bank
public,"This is a repository of BIAN artefacts, currently the BIAN Semantic APIs",TradeClearing.yaml,Trade Clearing,This Service Domain handles the back office processes that confirm and notify interested parties that securities and funds are available as traded in anticipation of settlement processing
public,"This is a repository of BIAN artefacts, currently the BIAN Semantic APIs",ContactHandler.yaml,Contact Handler,This service domain handles a customer's interactive contact with the bank. This will typically involve launching of one or more channel/device specific dialogue sessions as necessary within the customer contact
public,"This is a repository of BIAN artefacts, currently the BIAN Semantic APIs",AccountReconciliation.yaml,Account Reconciliation,This Service Domain handles account reconciliation tasks
public,"This is a repository of BIAN artefacts, currently the BIAN Semantic APIs",PrivatePlacement.yaml,Private Placement,This Service Domain provides the complete range of functions involved in providing private placement services to corporate customers.
public,"This is a repository of BIAN artefacts, currently the BIAN Semantic APIs",SecuritiesFailsProcessing.yaml,Securities Fails Processing,This Service Domain handles the resolution of clerical and processing errors that lead to failures in the securities trade clearing and settlement processes
public,"This is a repository of BIAN artefacts, currently the BIAN Semantic APIs",MortgageLoan.yaml,Mortgage Loan,Fulfillment of a loan product for  the purpose of property purchase. Note different servicing patterns can be applied to interest calculations and principle and interest repayments
public,"This is a repository of BIAN artefacts, currently the BIAN Semantic APIs",CorporateLoan.yaml,Corporate Loan,This service domain handles the fulfillment of a corporate loan product. This includes the initial set-up of the loan facility and the completion of scheduled and ad-hoc product processing tasks
public,"This is a repository of BIAN artefacts, currently the BIAN Semantic APIs",FraudResolution.yaml,Fraud Resolution,This service domain sets up and processes a fraud case resulting from fraud behavior that has been detected during production processing
public,"This is a repository of BIAN artefacts, currently the BIAN Semantic APIs",ContactCenterManagement.yaml,Contact Center Management,Oversee the assignment and operation of the customer contact center
public,"This is a repository of BIAN artefacts, currently the BIAN Semantic APIs",ChannelActivityAnalysis.yaml,Channel Activity Analysis,"This service domain tracks and analyzes channel activity to support relationship development, to detect unwanted behavior, possible fraud, and to constrain channel use as necessary (for example tracking usage frequency and cumulative transaction amounts within a period)"
public,"This is a repository of BIAN artefacts, currently the BIAN Semantic APIs",InvestmentPortfolioPlanning.yaml,Investment Portfolio Planning,Agree the policies and required make-up of an investment portfolio and ensure all required bank and regulatory terms and conditions are addressed
public,"This is a repository of BIAN artefacts, currently the BIAN Semantic APIs",IssuedDeviceAdministration.yaml,Issued Device Administration,"This service domain administers the issuance of authentication tokens to customers and third party service providers. Tokens here include physical devices such as cards, fobs, readers and intangible 'devices' such as passwords and secret questions. Administration includes version tracking, replacement and duration/frequency limits. Specific product/service access permissions may be associated with an issued token when appropriate"
public,"This is a repository of BIAN artefacts, currently the BIAN Semantic APIs",VirtualAccount.yaml,Virtual Account,A Virtual Account is a bank account that is defined on an underlying real account. It can receive and send payments for the underlying account while behaving towards the outside as a separate account. 
public,"This is a repository of BIAN artefacts, currently the BIAN Semantic APIs",DocumentDirectory.yaml,Document Directory,This Service Domain provides a directory based categorization and storage mechanism for documents created and referenced by the bank
public,"This is a repository of BIAN artefacts, currently the BIAN Semantic APIs",NotionalPooling.yaml,Notional Pooling,"Notional pooling allows corporate customer with multiple active accounts to pool credit and debit balances to provide a single centralized liquidity position and to minimize interest expense, simplify cash management and retain a degree of local autonomy to the accounts"
public,"This is a repository of BIAN artefacts, currently the BIAN Semantic APIs",eBranchManagement.yaml,eBranch Management,Oversee the configuration and operation of the e-branch channel facilities
public,"This is a repository of BIAN artefacts, currently the BIAN Semantic APIs",InteractiveHelp.yaml,Interactive Help,Operate the automated facility that provides interactive context sensitive servicing guidance to employees and self-serve customers
